<?xml version="1.0" encoding="UTF-8"?>
    <addon id="repository.seyirTURK" name="seyirTURK Repo" version="1.0.0" provider-name="tengildet@seyirturk">
        <requires>
            <import addon="xbmc.addon" version="12.0.0"/>
        </requires>
        <extension point="xbmc.addon.repository" name="seyirTURK Repo">
            <info compressed="false">https://seyirturk.tk/repo/addons.xml</info>
            <checksum>https://seyirturk.tk/repo/addons.xml.md5</checksum>
            <datadir zip="true">https://seyirturk.tk/repo/</datadir>
            <hashes>false</hashes>
        </extension>
        <extension point="xbmc.addon.metadata">
            <summary>seyirTURK Reposu</summary>
            <description>seyirTURK Reposudur.</description>
            <platform>all</platform>
    </extension>
</addon>