<?xml version="1.0" encoding="UTF-8" standalone="yes"?>
<addon id="plugin.video.kodentvwizard" 
       name="[COLOR blue]Koden TV[/COLOR] [COLOR white]Sihirbazı[/COLOR]" 
       version="5.2020" 
       provider-name="Kodi Koden TV">
  <requires>
    <import addon="xbmc.python" version="2.1.0"/>
	<import addon="script.module.requests" version="2.9.1"/>
  </requires>
  <extension point="xbmc.python.pluginsource" library="default.py">
    <provides>video executable</provides>
  </extension>
  <extension point="xbmc.service" library="startup.py" start="startup" />
  <extension point="xbmc.addon.metadata">
    <summary lang="en">[COLOR lime]Kodi Koden TV Builds[/COLOR] - [COLOR white] - by ubden!![/COLOR]</summary>
    <description lang="en">[B]Tum Zamanlarin En İyi Kodi Yapisi [/B] - Amazon Firestick / Fire TV / Fire Cube, Android, Nvidia Shield TV, Windows / Mac / Linux Computers, Xbox One, iPhone, iPad.[CR][COLOR blue] Telegram : [CR][COLOR aqua]@ubden[/COLOR]</description>
    <platform>all</platform>
  </extension>
</addon>