<?xml version="1.0" encoding="UTF-8" standalone="yes"?>
<addon id="plugin.program.kodentvwizard" name="Koden TV Wizard" version="5.2020" provider-name="ubden">
  <requires>
    <import addon="xbmc.python" version="2.1.0"/>
  </requires>
  <extension point="xbmc.python.pluginsource" library="default.py">
    <provides>executable</provides>
  </extension>
  <extension point="xbmc.service" library="startup.py" start="startup" />
  <extension point="xbmc.addon.metadata">
    <summary lang="en">Koden TV Sihirbazi</summary>
    <description lang="en">Koden TV Yukleme Sihirbazi</description>
    <platform>all</platform>
  </extension>
</addon>