<?xml version="1.0" encoding="UTF-8" standalone="yes"?>
<addon id="plugin.video.kodentv" 
       name="[COLOR blue]KodenTv[/COLOR] [COLOR white]Wizard18[/COLOR]" 
       version="3.6" 
       provider-name="KodenTv">
  <requires>
    <import addon="xbmc.python" version="2.1.0"/>
	<import addon="script.module.requests" version="2.9.1"/>
  </requires>
  <extension point="xbmc.python.pluginsource" library="default.py">
    <provides>video executable</provides>
  </extension>
  <extension point="xbmc.service" library="startup.py" start="startup" />
  <extension point="xbmc.addon.metadata">
    <summary lang="en">[COLOR lime]KodenTv Builds[/COLOR] - [COLOR white]Abone Ol!![/COLOR]</summary>
    <description lang="en">[B]En İyi Kodi Yapısı[/B] Amazon Firestick / Fire TV / Fire Cube, Android, Nvidia Shield TV, Windows / Mac / Linux Bilgisayarlar, Xbox One, iPhone, iPad ve diğerleri.[CR][COLOR blue] Youtube Kanalımızı İnceleyin:[CR][COLOR aqua]www.youtube.com/Ubden[/COLOR]</description>
    <platform>all</platform>
  </extension>
</addon>