<?xml version="1.0" encoding="UTF-8" standalone="yes"?>
<addon id="repository.kodentv" name="Koden TV Repository" version="1.0.3" provider-name="ubden">
	<extension point="xbmc.addon.repository" name="Example Repository">
		<dir>
            <info compressed="false">https://raw.githubusercontent.com/ubden/kodentv/master/zips/addons.xml</info>
            <checksum>https://raw.githubusercontent.com/ubden/kodentv/master/zips/addons.xml.md5</checksum>
            <datadir zip="true">https://raw.githubusercontent.com/ubden/kodentv/master/zips/</datadir>
        </dir>
	</extension>
	<extension point="xbmc.addon.metadata">
		<summary>Koden TV Repository</summary>
		<description>Official Repository Of The Koden TV Team</description>
		<disclaimer></disclaimer>
		<platform>all</platform>
        <assets>
            <icon>icon.png</icon>
            <fanart>fanart.jpg</fanart>
        </assets>
	</extension>
</addon>