<?xml version="1.0" encoding="UTF-8" standalone="yes"?>
<addon id="repository.kodentv" name="Koden TV Builds Repository" version="1.0.6" provider-name="ubden">
	<extension point="xbmc.addon.repository" name="Koden Repository">
		<dir>
			<info compressed="false">https://raw.githubusercontent.com/ubden/kodentv/master/zips/addons.xml</info>
			<checksum>https://raw.githubusercontent.com/ubden/kodentv/master/zips/addons.xml.md5</checksum>
			<datadir zip="true">https://raw.githubusercontent.com/ubden/kodentv/master/zips/</datadir>
        </dir>
	</extension>
	<extension point="xbmc.addon.metadata">
		<summary>Koden TV Builds Repository</summary>
		<description>Official Repository Of The Koden TV Builds Team - by ubden</description>
		<disclaimer></disclaimer>
		<platform>all</platform>
        <assets>
            <icon>icon.png</icon>
            <fanart>fanart.jpg</fanart>
        </assets>
	</extension>
</addon>
